,loc,species,treatment,animal_id,sl,size,activity,comment
1,LIRS 2014,ambon,CO2,64,56.98794481,big,8.147368421,"27min means of sml+lrg dur, from All Lizard activity data for JJ v2_7 Jun 2017.xlsx"
2,LIRS 2014,ambon,CO2,65,38.2381647,big,10.50526316,"27min means of sml+lrg dur, from All Lizard activity data for JJ v2_7 Jun 2017.xlsx"
3,LIRS 2014,ambon,CO2,67,39.30947208,big,6.513043478,"27min means of sml+lrg dur, from All Lizard activity data for JJ v2_7 Jun 2017.xlsx"
4,LIRS 2014,ambon,CO2,68,36.07154769,big,27.83636364,"27min means of sml+lrg dur, from All Lizard activity data for JJ v2_7 Jun 2017.xlsx"
5,LIRS 2014,lemon,CO2,74,36.43578302,big,36.6826087,"27min means of sml+lrg dur, from All Lizard activity data for JJ v2_7 Jun 2017.xlsx"
6,LIRS 2014,ambon,CO2,75,35.88814447,big,42.79615385,"27min means of sml+lrg dur, from All Lizard activity data for JJ v2_7 Jun 2017.xlsx"
7,LIRS 2014,lemon,CO2,81,35.7285803,big,21.92083333,"27min means of sml+lrg dur, from All Lizard activity data for JJ v2_7 Jun 2017.xlsx"
8,LIRS 2014,ambon,CO2,84,38.36064277,big,24.58148148,"27min means of sml+lrg dur, from All Lizard activity data for JJ v2_7 Jun 2017.xlsx"
9,LIRS 2014,ambon,CO2,222,34,big,NA,recording failed
10,LIRS 2014,ambon,CO2,85,48.2550872,big,35.07777778,"27min means of sml+lrg dur, from All Lizard activity data for JJ v2_7 Jun 2017.xlsx"
11,LIRS 2014,ambon,CO2,88,43.36113625,big,1.025,"27min means of sml+lrg dur, from All Lizard activity data for JJ v2_7 Jun 2017.xlsx"
12,LIRS 2014,ambon,CO2,89,36.28112199,big,9.113636364,"27min means of sml+lrg dur, from All Lizard activity data for JJ v2_7 Jun 2017.xlsx"
13,LIRS 2014,ambon,CO2,91,47.85619659,big,10.88148148,"27min means of sml+lrg dur, from All Lizard activity data for JJ v2_7 Jun 2017.xlsx"
14,LIRS 2014,ambon,CO2,92,39.30947208,big,5.283333333,"27min means of sml+lrg dur, from All Lizard activity data for JJ v2_7 Jun 2017.xlsx"
15,LIRS 2014,ambon,CO2,160,37.02660555,big,19.81153846,"27min means of sml+lrg dur, from All Lizard activity data for JJ v2_7 Jun 2017.xlsx"
16,LIRS 2014,ambon,CO2,163,38.66295081,big,18.94074074,"27min means of sml+lrg dur, from All Lizard activity data for JJ v2_7 Jun 2017.xlsx"
17,LIRS 2014,ambon,CO2,164,38.17658447,big,22.46296296,"27min means of sml+lrg dur, from All Lizard activity data for JJ v2_7 Jun 2017.xlsx"
18,LIRS 2014,chromis,CO2,221,40.64453056,big,14.91111111,"27min means of sml+lrg dur, from All Lizard activity data for JJ v2_7 Jun 2017.xlsx"
19,LIRS 2014,chromis,CO2,222,61.07238835,big,21.21481481,"27min means of sml+lrg dur, from All Lizard activity data for JJ v2_7 Jun 2017.xlsx"
20,LIRS 2014,acantho,CO2,223,92.53241927,big,3.659259259,"27min means of sml+lrg dur, from All Lizard activity data for JJ v2_7 Jun 2017.xlsx"
21,LIRS 2014,acantho,CO2,224,52.44944927,big,28.91818182,"27min means of sml+lrg dur, from All Lizard activity data for JJ v2_7 Jun 2017.xlsx"
22,LIRS 2014,acantho,CO2,225,68.79863616,big,10.75185185,"27min means of sml+lrg dur, from All Lizard activity data for JJ v2_7 Jun 2017.xlsx"
23,LIRS 2014,acantho,CO2,226,63.27101109,big,14.14444444,"27min means of sml+lrg dur, from All Lizard activity data for JJ v2_7 Jun 2017.xlsx"
24,LIRS 2014,acantho,CO2,231,71.43736113,big,11.99259259,"27min means of sml+lrg dur, from All Lizard activity data for JJ v2_7 Jun 2017.xlsx"
25,LIRS 2014,acantho,CO2,232,78.30826232,big,8.074074074,"27min means of sml+lrg dur, from All Lizard activity data for JJ v2_7 Jun 2017.xlsx"
26,LIRS 2014,acantho,CO2,233,51.29021387,big,30.4,"27min means of sml+lrg dur, from All Lizard activity data for JJ v2_7 Jun 2017.xlsx"
27,LIRS 2014,chromis,CO2,234,45.51980643,big,30.76666667,"27min means of sml+lrg dur, from All Lizard activity data for JJ v2_7 Jun 2017.xlsx"
28,LIRS 2014,humbug,CO2,236,37.66181177,big,15.41481481,"27min means of sml+lrg dur, from All Lizard activity data for JJ v2_7 Jun 2017.xlsx"
29,LIRS 2014,chromis,CO2,241,39.64468444,big,15.08461538,"27min means of sml+lrg dur, from All Lizard activity data for JJ v2_7 Jun 2017.xlsx"
30,LIRS 2014,acantho,CO2,245,50.68610929,big,39.8875,"27min means of sml+lrg dur, from All Lizard activity data for JJ v2_7 Jun 2017.xlsx"
31,LIRS 2014,humbug,CO2,246,51.13223406,big,9.151851852,"27min means of sml+lrg dur, from All Lizard activity data for JJ v2_7 Jun 2017.xlsx"
32,LIRS 2014,humbug,CO2,259,70.81238123,big,7.97037037,"27min means of sml+lrg dur, from All Lizard activity data for JJ v2_7 Jun 2017.xlsx"
33,LIRS 2014,humbug,CO2,261,43.69046951,big,23.16296296,"27min means of sml+lrg dur, from All Lizard activity data for JJ v2_7 Jun 2017.xlsx"
34,LIRS 2014,humbug,CO2,9696,78,big,NA,recording failed
35,LIRS 2014,humbug,CO2,7877,68,big,NA,recording failed
36,LIRS 2014,humbug,CO2,268,63.89885753,big,34.71481481,"27min means of sml+lrg dur, from All Lizard activity data for JJ v2_7 Jun 2017.xlsx"
37,LIRS 2014,humbug,CO2,271,46.46712463,big,39.81481481,"27min means of sml+lrg dur, from All Lizard activity data for JJ v2_7 Jun 2017.xlsx"
38,LIRS 2014,humbug,CO2,272,48.95953171,big,16.32592593,"27min means of sml+lrg dur, from All Lizard activity data for JJ v2_7 Jun 2017.xlsx"
39,LIRS 2014,humbug,CO2,275,41.5364471,big,27.05925926,"27min means of sml+lrg dur, from All Lizard activity data for JJ v2_7 Jun 2017.xlsx"
40,LIRS 2014,lemon,control,51,35.96739925,big,4.68,"27min means of sml+lrg dur, from All Lizard activity data for JJ v2_7 Jun 2017.xlsx"
41,LIRS 2014,lemon,control,116,38.4083544,big,9.727272727,"27min means of sml+lrg dur, from All Lizard activity data for JJ v2_7 Jun 2017.xlsx"
42,LIRS 2014,lemon,control,122,38.26908362,big,2.613043478,"27min means of sml+lrg dur, from All Lizard activity data for JJ v2_7 Jun 2017.xlsx"
43,LIRS 2014,ambon,control,124,45.61380414,big,30.96923077,"27min means of sml+lrg dur, from All Lizard activity data for JJ v2_7 Jun 2017.xlsx"
44,LIRS 2014,ambon,control,125,37.48352844,big,20.14347826,"27min means of sml+lrg dur, from All Lizard activity data for JJ v2_7 Jun 2017.xlsx"
45,LIRS 2014,ambon,control,132,36.6920814,big,9.753846154,"27min means of sml+lrg dur, from All Lizard activity data for JJ v2_7 Jun 2017.xlsx"
46,LIRS 2014,ambon,control,133,43.36113625,big,7.876470588,"27min means of sml+lrg dur, from All Lizard activity data for JJ v2_7 Jun 2017.xlsx"
47,LIRS 2014,ambon,control,134,41.11481904,big,7.966666667,"27min means of sml+lrg dur, from All Lizard activity data for JJ v2_7 Jun 2017.xlsx"
48,LIRS 2014,ambon,control,140,62.60738222,big,12.84444444,"27min means of sml+lrg dur, from All Lizard activity data for JJ v2_7 Jun 2017.xlsx"
49,LIRS 2014,ambon,control,142,42.51461402,big,18.728,"27min means of sml+lrg dur, from All Lizard activity data for JJ v2_7 Jun 2017.xlsx"
50,LIRS 2014,ambon,control,143,43.31510183,big,15.01481481,"27min means of sml+lrg dur, from All Lizard activity data for JJ v2_7 Jun 2017.xlsx"
51,LIRS 2014,ambon,control,144,40.90564504,big,1.0625,"27min means of sml+lrg dur, from All Lizard activity data for JJ v2_7 Jun 2017.xlsx"
52,LIRS 2014,ambon,control,147,44.12702366,big,36.43333333,"27min means of sml+lrg dur, from All Lizard activity data for JJ v2_7 Jun 2017.xlsx"
53,LIRS 2014,ambon,control,148,35.20376295,big,11.18571429,"27min means of sml+lrg dur, from All Lizard activity data for JJ v2_7 Jun 2017.xlsx"
54,LIRS 2014,ambon,control,149,35.85912348,big,38.22692308,"27min means of sml+lrg dur, from All Lizard activity data for JJ v2_7 Jun 2017.xlsx"
55,LIRS 2014,ambon,control,151,37.92794013,big,28.11538462,"27min means of sml+lrg dur, from All Lizard activity data for JJ v2_7 Jun 2017.xlsx"
56,LIRS 2014,ambon,control,152,43.68026205,big,17.92592593,"27min means of sml+lrg dur, from All Lizard activity data for JJ v2_7 Jun 2017.xlsx"
57,LIRS 2014,acantho,control,179,78.12881175,big,1.968,"27min means of sml+lrg dur, from All Lizard activity data for JJ v2_7 Jun 2017.xlsx"
58,LIRS 2014,chromis,control,182,38.19244575,big,32.476,"27min means of sml+lrg dur, from All Lizard activity data for JJ v2_7 Jun 2017.xlsx"
59,LIRS 2014,chromis,control,183,47.60279718,big,33.325,"27min means of sml+lrg dur, from All Lizard activity data for JJ v2_7 Jun 2017.xlsx"
60,LIRS 2014,chromis,control,184,35.2513497,big,25.85333333,"27min means of sml+lrg dur, from All Lizard activity data for JJ v2_7 Jun 2017.xlsx"
61,LIRS 2014,chromis,control,186,44.65884274,big,23.03703704,"27min means of sml+lrg dur, from All Lizard activity data for JJ v2_7 Jun 2017.xlsx"
62,LIRS 2014,acantho,control,188,50.42919693,big,7.003846154,"27min means of sml+lrg dur, from All Lizard activity data for JJ v2_7 Jun 2017.xlsx"
63,LIRS 2014,acantho,control,189,72.09982093,big,7.403703704,"27min means of sml+lrg dur, from All Lizard activity data for JJ v2_7 Jun 2017.xlsx"
64,LIRS 2014,acantho,control,190,50.11667687,big,22.944,"27min means of sml+lrg dur, from All Lizard activity data for JJ v2_7 Jun 2017.xlsx"
65,LIRS 2014,chromis,control,193,37.6824722,big,25.34210526,"27min means of sml+lrg dur, from All Lizard activity data for JJ v2_7 Jun 2017.xlsx"
66,LIRS 2014,chromis,control,195,46.07585245,big,23.44074074,"27min means of sml+lrg dur, from All Lizard activity data for JJ v2_7 Jun 2017.xlsx"
67,LIRS 2014,acantho,control,197,89.29884683,big,1.425925926,"27min means of sml+lrg dur, from All Lizard activity data for JJ v2_7 Jun 2017.xlsx"
68,LIRS 2014,chromis,control,200,35.48665,big,26.82631579,"27min means of sml+lrg dur, from All Lizard activity data for JJ v2_7 Jun 2017.xlsx"
69,LIRS 2014,chromis,control,203,47.21410865,big,33.2047619,"27min means of sml+lrg dur, from All Lizard activity data for JJ v2_7 Jun 2017.xlsx"
70,LIRS 2014,humbug,control,206,55.55920302,big,1.418518519,"27min means of sml+lrg dur, from All Lizard activity data for JJ v2_7 Jun 2017.xlsx"
71,LIRS 2014,humbug,control,207,38.3030582,big,22.61111111,"27min means of sml+lrg dur, from All Lizard activity data for JJ v2_7 Jun 2017.xlsx"
72,LIRS 2014,acantho,control,211,76.16241497,big,6.359259259,"27min means of sml+lrg dur, from All Lizard activity data for JJ v2_7 Jun 2017.xlsx"
73,LIRS 2014,acantho,control,900,78,big,NA,recording failed
74,LIRS 2014,acantho,control,876,68,big,NA,recording failed
75,LIRS 2014,acantho,control,212,51.24052455,big,18.30588235,"27min means of sml+lrg dur, from All Lizard activity data for JJ v2_7 Jun 2017.xlsx"
76,LIRS 2014,acantho,control,213,64.92382956,big,3.011111111,"27min means of sml+lrg dur, from All Lizard activity data for JJ v2_7 Jun 2017.xlsx"
77,LIRS 2014,humbug,control,214,67.10209218,big,33.27037037,"27min means of sml+lrg dur, from All Lizard activity data for JJ v2_7 Jun 2017.xlsx"
78,LIRS 2014,humbug,control,217,42.7792461,big,35.93703704,"27min means of sml+lrg dur, from All Lizard activity data for JJ v2_7 Jun 2017.xlsx"
79,LIRS 2014,humbug,control,247,61.63505358,big,33.356,"27min means of sml+lrg dur, from All Lizard activity data for JJ v2_7 Jun 2017.xlsx"
80,LIRS 2014,humbug,control,248,38.92450354,big,9.936363636,"27min means of sml+lrg dur, from All Lizard activity data for JJ v2_7 Jun 2017.xlsx"
81,LIRS 2014,humbug,control,250,37.77994742,big,24.62222222,"27min means of sml+lrg dur, from All Lizard activity data for JJ v2_7 Jun 2017.xlsx"
82,LIRS 2014,humbug,control,253,46.26770195,big,14.3962963,"27min means of sml+lrg dur, from All Lizard activity data for JJ v2_7 Jun 2017.xlsx"
83,LIRS 2014,humbug,control,256,36.12151082,big,9.185185185,"27min means of sml+lrg dur, from All Lizard activity data for JJ v2_7 Jun 2017.xlsx"
84,LIRS 2014,humbug,control,257,43.77962195,big,14.02592593,"27min means of sml+lrg dur, from All Lizard activity data for JJ v2_7 Jun 2017.xlsx"
85,LIRS 2016,humbug,CO2,110,43,big,34.21891892,37min means of sml+lrg dur; from Activity for JJ stats.xlsx
86,LIRS 2016,humbug,CO2,115,39,big,38.72972973,37min means of sml+lrg dur; from Activity for JJ stats.xlsx
87,LIRS 2016,humbug,CO2,120,41,big,33.65405405,37min means of sml+lrg dur; from Activity for JJ stats.xlsx
88,LIRS 2016,humbug,CO2,125,40,big,53.13513514,37min means of sml+lrg dur; from Activity for JJ stats.xlsx
89,LIRS 2016,humbug,CO2,130,44,big,51.10810811,37min means of sml+lrg dur; from Activity for JJ stats.xlsx
90,LIRS 2016,humbug,CO2,140,41,big,54.75945946,37min means of sml+lrg dur; from Activity for JJ stats.xlsx
91,LIRS 2016,humbug,CO2,145,36,big,30.87837838,37min means of sml+lrg dur; from Activity for JJ stats.xlsx
92,LIRS 2016,humbug,CO2,150,40,big,36.1027027,37min means of sml+lrg dur; from Activity for JJ stats.xlsx
93,LIRS 2016,humbug,CO2,155,40,big,45.36756757,37min means of sml+lrg dur; from Activity for JJ stats.xlsx
94,LIRS 2016,humbug,CO2,165,38,big,53.5,37min means of sml+lrg dur; from Activity for JJ stats.xlsx
95,LIRS 2016,humbug,CO2,295,36,big,24.85454545,37min means of sml+lrg dur; from Activity for JJ stats.xlsx
96,LIRS 2016,acantho,CO2,300,44,big,30,37min means of sml+lrg dur; from Activity for JJ stats.xlsx
97,LIRS 2016,acantho,CO2,315,40,big,33.57297297,37min means of sml+lrg dur; from Activity for JJ stats.xlsx
98,LIRS 2016,whitedams,CO2,375,37,big,31.32,37min means of sml+lrg dur; from Activity for JJ stats.xlsx
99,LIRS 2016,humbug,CO2,390,39,big,36.37567568,37min means of sml+lrg dur; from Activity for JJ stats.xlsx
100,LIRS 2016,acantho,CO2,NA,38.4,big,22.91621622,37min means of sml+lrg dur; from Activity for JJ stats.xlsx
101,LIRS 2016,acantho,CO2,NA,37.7,big,33.88648649,37min means of sml+lrg dur; from Activity for JJ stats.xlsx
102,LIRS 2016,acantho,CO2,NA,46,big,19.73513514,37min means of sml+lrg dur; from Activity for JJ stats.xlsx
103,LIRS 2016,acantho,CO2,NA,43.1,big,37.81351351,37min means of sml+lrg dur; from Activity for JJ stats.xlsx
104,LIRS 2016,acantho,CO2,NA,79.7,big,2.335135135,37min means of sml+lrg dur; from Activity for JJ stats.xlsx
105,LIRS 2016,acantho,CO2,NA,72.1,big,10.37297297,37min means of sml+lrg dur; from Activity for JJ stats.xlsx
106,LIRS 2016,acantho,CO2,NA,74,big,15.47567568,37min means of sml+lrg dur; from Activity for JJ stats.xlsx
107,LIRS 2016,acantho,CO2,NA,75.5,big,6.537837838,37min means of sml+lrg dur; from Activity for JJ stats.xlsx
108,LIRS 2016,acantho,CO2,NA,78,big,15.76756757,37min means of sml+lrg dur; from Activity for JJ stats.xlsx
109,LIRS 2016,humbug,CO2,NA,45.6,big,18.5027027,37min means of sml+lrg dur; from Activity for JJ stats.xlsx
110,LIRS 2016,humbug,CO2,NA,47.3,big,34.37297297,37min means of sml+lrg dur; from Activity for JJ stats.xlsx
111,LIRS 2016,humbug,CO2,NA,54.8,big,45.40540541,37min means of sml+lrg dur; from Activity for JJ stats.xlsx
112,LIRS 2016,humbug,CO2,NA,44.4,big,14.38378378,37min means of sml+lrg dur; from Activity for JJ stats.xlsx
113,LIRS 2016,humbug,CO2,NA,50.4,big,32.11891892,37min means of sml+lrg dur; from Activity for JJ stats.xlsx
114,LIRS 2016,humbug,CO2,NA,46.5,big,48.92972973,37min means of sml+lrg dur; from Activity for JJ stats.xlsx
115,LIRS 2016,humbug,CO2,NA,41,big,52.34054054,37min means of sml+lrg dur; from Activity for JJ stats.xlsx
116,LIRS 2016,acantho,control,55,41,big,18.98648649,37min means of sml+lrg dur; from Activity for JJ stats.xlsx
117,LIRS 2016,acantho,control,60,41,big,14.67567568,37min means of sml+lrg dur; from Activity for JJ stats.xlsx
118,LIRS 2016,acantho,control,65,46,big,10.05945946,37min means of sml+lrg dur; from Activity for JJ stats.xlsx
119,LIRS 2016,acantho,control,70,51,big,17.44864865,37min means of sml+lrg dur; from Activity for JJ stats.xlsx
120,LIRS 2016,acantho,control,75,49,big,24.9,37min means of sml+lrg dur; from Activity for JJ stats.xlsx
121,LIRS 2016,acantho,control,80,36,big,28.97567568,37min means of sml+lrg dur; from Activity for JJ stats.xlsx
122,LIRS 2016,acantho,control,85,39,big,32.83243243,37min means of sml+lrg dur; from Activity for JJ stats.xlsx
123,LIRS 2016,humbug,control,95,51,big,34.53513514,37min means of sml+lrg dur; from Activity for JJ stats.xlsx
124,LIRS 2016,humbug,control,100,39,big,33.75405405,37min means of sml+lrg dur; from Activity for JJ stats.xlsx
125,LIRS 2016,humbug,control,105,42,big,34.21891892,37min means of sml+lrg dur; from Activity for JJ stats.xlsx
126,LIRS 2016,humbug,control,220,41,big,34.88108108,37min means of sml+lrg dur; from Activity for JJ stats.xlsx
127,LIRS 2016,humbug,control,235,45,big,52.06216216,37min means of sml+lrg dur; from Activity for JJ stats.xlsx
128,LIRS 2016,humbug,control,255,39,big,45.98108108,37min means of sml+lrg dur; from Activity for JJ stats.xlsx
129,LIRS 2016,humbug,control,325,36,big,31.82702703,37min means of sml+lrg dur; from Activity for JJ stats.xlsx
130,LIRS 2016,humbug,control,330,39,big,52.35945946,37min means of sml+lrg dur; from Activity for JJ stats.xlsx
131,LIRS 2016,humbug,control,340,40,big,52.77567568,37min means of sml+lrg dur; from Activity for JJ stats.xlsx
132,LIRS 2016,whitedams,control,350,44,big,31.45142857,37min means of sml+lrg dur; from Activity for JJ stats.xlsx
133,LIRS 2016,humbug,control,360,39,big,34.11621622,37min means of sml+lrg dur; from Activity for JJ stats.xlsx
134,LIRS 2016,humbug,control,365,42,big,24.67352941,37min means of sml+lrg dur; from Activity for JJ stats.xlsx
135,LIRS 2016,humbug,control,370,37,big,55.04864865,37min means of sml+lrg dur; from Activity for JJ stats.xlsx
136,LIRS 2016,acantho,control,NA,49.6,big,24.43142857,37min means of sml+lrg dur; from Activity for JJ stats.xlsx
137,LIRS 2016,acantho,control,NA,37,big,36.18918919,37min means of sml+lrg dur; from Activity for JJ stats.xlsx
138,LIRS 2016,acantho,control,NA,42.2,big,17.23636364,37min means of sml+lrg dur; from Activity for JJ stats.xlsx
139,LIRS 2016,acantho,control,NA,80.8,big,3.232432432,37min means of sml+lrg dur; from Activity for JJ stats.xlsx
140,LIRS 2016,acantho,control,NA,79.4,big,4.075675676,37min means of sml+lrg dur; from Activity for JJ stats.xlsx
141,LIRS 2016,acantho,control,NA,59,big,22.22162162,37min means of sml+lrg dur; from Activity for JJ stats.xlsx
142,LIRS 2016,acantho,control,NA,68.2,big,10.14864865,37min means of sml+lrg dur; from Activity for JJ stats.xlsx
143,LIRS 2016,acantho,control,NA,75.2,big,23.37297297,37min means of sml+lrg dur; from Activity for JJ stats.xlsx
144,LIRS 2016,acantho,control,NA,81.5,big,13.08918919,37min means of sml+lrg dur; from Activity for JJ stats.xlsx
145,LIRS 2016,humbug,control,NA,50.8,big,47.08108108,37min means of sml+lrg dur; from Activity for JJ stats.xlsx
146,LIRS 2016,humbug,control,NA,51.6,big,43.24864865,37min means of sml+lrg dur; from Activity for JJ stats.xlsx
147,LIRS 2016,humbug,control,NA,52,big,46.45675676,37min means of sml+lrg dur; from Activity for JJ stats.xlsx
148,LIRS 2016,humbug,control,NA,51.5,big,53.53243243,37min means of sml+lrg dur; from Activity for JJ stats.xlsx
149,LIRS 2016,humbug,control,NA,54.8,big,25.12702703,37min means of sml+lrg dur; from Activity for JJ stats.xlsx
150,LIRS 2016,humbug,control,NA,46.5,big,50.05135135,37min means of sml+lrg dur; from Activity for JJ stats.xlsx
151,LIRS 2014,lemon,CO2,41,27.75675383,big,40.412,"27min means of sml+lrg dur, from All Lizard activity data for JJ v2_7 Jun 2017.xlsx"
152,LIRS 2014,lemon,CO2,42,25.60743739,big,8.963636364,"27min means of sml+lrg dur, from All Lizard activity data for JJ v2_7 Jun 2017.xlsx"
153,LIRS 2014,lemon,CO2,44,29.50061339,big,13.54,"27min means of sml+lrg dur, from All Lizard activity data for JJ v2_7 Jun 2017.xlsx"
154,LIRS 2014,lemon,CO2,45,30.30041258,big,18.82222222,"27min means of sml+lrg dur, from All Lizard activity data for JJ v2_7 Jun 2017.xlsx"
155,LIRS 2014,lemon,CO2,46,28.9,big,31.44444444,"27min means of sml+lrg dur, from All Lizard activity data for JJ v2_7 Jun 2017.xlsx"
156,LIRS 2014,lemon,CO2,62,28.40418829,big,26.15833333,"27min means of sml+lrg dur, from All Lizard activity data for JJ v2_7 Jun 2017.xlsx"
157,LIRS 2014,lemon,CO2,63,30.07620587,big,12.16428571,"27min means of sml+lrg dur, from All Lizard activity data for JJ v2_7 Jun 2017.xlsx"
158,LIRS 2014,ambon,CO2,66,29.97531376,big,26.94761905,"27min means of sml+lrg dur, from All Lizard activity data for JJ v2_7 Jun 2017.xlsx"
159,LIRS 2014,lemon,CO2,69,32.47772288,big,42.7962963,"27min means of sml+lrg dur, from All Lizard activity data for JJ v2_7 Jun 2017.xlsx"
160,LIRS 2014,lemon,CO2,70,26.50904849,big,24.85555556,"27min means of sml+lrg dur, from All Lizard activity data for JJ v2_7 Jun 2017.xlsx"
161,LIRS 2014,lemon,CO2,71,22.22558518,big,44.69166667,"27min means of sml+lrg dur, from All Lizard activity data for JJ v2_7 Jun 2017.xlsx"
162,LIRS 2014,lemon,CO2,73,32.955251,big,33.35384615,"27min means of sml+lrg dur, from All Lizard activity data for JJ v2_7 Jun 2017.xlsx"
163,LIRS 2014,lemon,CO2,76,28.53019968,big,34.228,"27min means of sml+lrg dur, from All Lizard activity data for JJ v2_7 Jun 2017.xlsx"
164,LIRS 2014,lemon,CO2,77,24.80462605,big,18.06428571,"27min means of sml+lrg dur, from All Lizard activity data for JJ v2_7 Jun 2017.xlsx"
165,LIRS 2014,lemon,CO2,78,30.84693049,big,20.17083333,"27min means of sml+lrg dur, from All Lizard activity data for JJ v2_7 Jun 2017.xlsx"
166,LIRS 2014,lemon,CO2,79,25.45088586,big,26.775,"27min means of sml+lrg dur, from All Lizard activity data for JJ v2_7 Jun 2017.xlsx"
167,LIRS 2014,lemon,CO2,80,28.40418829,big,29.28888889,"27min means of sml+lrg dur, from All Lizard activity data for JJ v2_7 Jun 2017.xlsx"
168,LIRS 2014,lemon,CO2,82,22.63083544,big,10.45714286,"27min means of sml+lrg dur, from All Lizard activity data for JJ v2_7 Jun 2017.xlsx"
169,LIRS 2014,ambon,CO2,86,34.3624388,big,33.15185185,"27min means of sml+lrg dur, from All Lizard activity data for JJ v2_7 Jun 2017.xlsx"
170,LIRS 2014,ambon,CO2,87,30.08270859,big,19.20416667,"27min means of sml+lrg dur, from All Lizard activity data for JJ v2_7 Jun 2017.xlsx"
171,LIRS 2014,ambon,CO2,90,33.6368921,big,41.58,"27min means of sml+lrg dur, from All Lizard activity data for JJ v2_7 Jun 2017.xlsx"
172,LIRS 2014,ambon,CO2,159,31.69220501,big,17.77407407,"27min means of sml+lrg dur, from All Lizard activity data for JJ v2_7 Jun 2017.xlsx"
173,LIRS 2014,ambon,CO2,161,25.77948544,big,6.090909091,"27min means of sml+lrg dur, from All Lizard activity data for JJ v2_7 Jun 2017.xlsx"
174,LIRS 2014,ambon,CO2,162,31.78670485,big,9.784615385,"27min means of sml+lrg dur, from All Lizard activity data for JJ v2_7 Jun 2017.xlsx"
175,LIRS 2014,ambon,CO2,165,33.13235491,big,7.165,"27min means of sml+lrg dur, from All Lizard activity data for JJ v2_7 Jun 2017.xlsx"
176,LIRS 2014,chromis,CO2,220,27.28147731,big,11.28518519,"27min means of sml+lrg dur, from All Lizard activity data for JJ v2_7 Jun 2017.xlsx"
177,LIRS 2014,chromis,CO2,227,20.17558978,big,26.35714286,"27min means of sml+lrg dur, from All Lizard activity data for JJ v2_7 Jun 2017.xlsx"
178,LIRS 2014,chromis,CO2,228,33.50658541,big,30.04444444,"27min means of sml+lrg dur, from All Lizard activity data for JJ v2_7 Jun 2017.xlsx"
179,LIRS 2014,chromis,CO2,229,28.96958463,big,12.48,"27min means of sml+lrg dur, from All Lizard activity data for JJ v2_7 Jun 2017.xlsx"
180,LIRS 2014,chromis,CO2,230,34.40149637,big,39.488,"27min means of sml+lrg dur, from All Lizard activity data for JJ v2_7 Jun 2017.xlsx"
181,LIRS 2014,chromis,CO2,235,33.24175197,big,38.62592593,"27min means of sml+lrg dur, from All Lizard activity data for JJ v2_7 Jun 2017.xlsx"
182,LIRS 2014,humbug,CO2,237,21.32198294,big,51.36296296,"27min means of sml+lrg dur, from All Lizard activity data for JJ v2_7 Jun 2017.xlsx"
183,LIRS 2014,humbug,CO2,238,34.09038583,big,11.04444444,"27min means of sml+lrg dur, from All Lizard activity data for JJ v2_7 Jun 2017.xlsx"
184,LIRS 2014,humbug,CO2,239,32.3,big,42.60740741,"27min means of sml+lrg dur, from All Lizard activity data for JJ v2_7 Jun 2017.xlsx"
185,LIRS 2014,chromis,CO2,240,22.18035869,big,28.54444444,"27min means of sml+lrg dur, from All Lizard activity data for JJ v2_7 Jun 2017.xlsx"
186,LIRS 2014,chromis,CO2,242,21.55384681,big,9.566666667,"27min means of sml+lrg dur, from All Lizard activity data for JJ v2_7 Jun 2017.xlsx"
187,LIRS 2014,chromis,CO2,243,18.99992361,big,26.26666667,"27min means of sml+lrg dur, from All Lizard activity data for JJ v2_7 Jun 2017.xlsx"
188,LIRS 2014,chromis,CO2,244,20.17558978,big,42.28571429,"27min means of sml+lrg dur, from All Lizard activity data for JJ v2_7 Jun 2017.xlsx"
189,LIRS 2014,humbug,CO2,260,21.49552684,big,44.67037037,"27min means of sml+lrg dur, from All Lizard activity data for JJ v2_7 Jun 2017.xlsx"
190,LIRS 2014,humbug,CO2,262,26.62151159,big,43.26296296,"27min means of sml+lrg dur, from All Lizard activity data for JJ v2_7 Jun 2017.xlsx"
191,LIRS 2014,humbug,CO2,263,28.03887514,big,31.476,"27min means of sml+lrg dur, from All Lizard activity data for JJ v2_7 Jun 2017.xlsx"
192,LIRS 2014,humbug,CO2,264,25.79484581,big,50.285,"27min means of sml+lrg dur, from All Lizard activity data for JJ v2_7 Jun 2017.xlsx"
193,LIRS 2014,humbug,CO2,265,29.61499335,big,37.71538462,"27min means of sml+lrg dur, from All Lizard activity data for JJ v2_7 Jun 2017.xlsx"
194,LIRS 2014,humbug,CO2,266,34.58480815,big,37.33461538,"27min means of sml+lrg dur, from All Lizard activity data for JJ v2_7 Jun 2017.xlsx"
195,LIRS 2014,humbug,CO2,267,26.62151159,big,27.90769231,"27min means of sml+lrg dur, from All Lizard activity data for JJ v2_7 Jun 2017.xlsx"
196,LIRS 2014,humbug,CO2,269,28.84741645,big,37.48148148,"27min means of sml+lrg dur, from All Lizard activity data for JJ v2_7 Jun 2017.xlsx"
197,LIRS 2014,humbug,CO2,270,17.5833242,big,47.652,"27min means of sml+lrg dur, from All Lizard activity data for JJ v2_7 Jun 2017.xlsx"
198,LIRS 2014,humbug,CO2,273,29.23599806,big,34.77083333,"27min means of sml+lrg dur, from All Lizard activity data for JJ v2_7 Jun 2017.xlsx"
199,LIRS 2014,humbug,CO2,274,24.65171919,big,50.70833333,"27min means of sml+lrg dur, from All Lizard activity data for JJ v2_7 Jun 2017.xlsx"
200,LIRS 2014,humbug,CO2,276,32.59673407,big,39.44814815,"27min means of sml+lrg dur, from All Lizard activity data for JJ v2_7 Jun 2017.xlsx"
201,LIRS 2014,lemon,control,1,24.65,big,32.75263158,"27min means of sml+lrg dur, from All Lizard activity data for JJ v2_7 Jun 2017.xlsx"
202,LIRS 2014,lemon,control,2,32.3,big,28.64285714,"27min means of sml+lrg dur, from All Lizard activity data for JJ v2_7 Jun 2017.xlsx"
203,LIRS 2014,lemon,control,3,28.9,big,33.36086957,"27min means of sml+lrg dur, from All Lizard activity data for JJ v2_7 Jun 2017.xlsx"
204,LIRS 2014,lemon,control,4,30.6,big,35.768,"27min means of sml+lrg dur, from All Lizard activity data for JJ v2_7 Jun 2017.xlsx"
205,LIRS 2014,lemon,control,5,29.75,big,49.33076923,"27min means of sml+lrg dur, from All Lizard activity data for JJ v2_7 Jun 2017.xlsx"
206,LIRS 2014,lemon,control,6,24.65,big,34.4,"27min means of sml+lrg dur, from All Lizard activity data for JJ v2_7 Jun 2017.xlsx"
207,LIRS 2014,lemon,control,7,22.1,big,35.13636364,"27min means of sml+lrg dur, from All Lizard activity data for JJ v2_7 Jun 2017.xlsx"
208,LIRS 2014,lemon,control,8,27.2,big,11.19545455,"27min means of sml+lrg dur, from All Lizard activity data for JJ v2_7 Jun 2017.xlsx"
209,LIRS 2014,lemon,control,47,31.88556588,big,5.328,"27min means of sml+lrg dur, from All Lizard activity data for JJ v2_7 Jun 2017.xlsx"
210,LIRS 2014,lemon,control,48,32.47772288,big,8.85,"27min means of sml+lrg dur, from All Lizard activity data for JJ v2_7 Jun 2017.xlsx"
211,LIRS 2014,lemon,control,49,18.85274393,big,22.00714286,"27min means of sml+lrg dur, from All Lizard activity data for JJ v2_7 Jun 2017.xlsx"
212,LIRS 2014,lemon,control,50,32.38052219,big,16.03076923,"27min means of sml+lrg dur, from All Lizard activity data for JJ v2_7 Jun 2017.xlsx"
213,LIRS 2014,lemon,control,52,28.40418829,big,19.57333333,"27min means of sml+lrg dur, from All Lizard activity data for JJ v2_7 Jun 2017.xlsx"
214,LIRS 2014,lemon,control,53,19.93521857,big,22.19259259,"27min means of sml+lrg dur, from All Lizard activity data for JJ v2_7 Jun 2017.xlsx"
215,LIRS 2014,lemon,control,54,33.32757999,big,13.775,"27min means of sml+lrg dur, from All Lizard activity data for JJ v2_7 Jun 2017.xlsx"
216,LIRS 2014,lemon,control,55,27.07774864,big,10.2,"27min means of sml+lrg dur, from All Lizard activity data for JJ v2_7 Jun 2017.xlsx"
217,LIRS 2014,lemon,control,56,24.46852162,big,14.13333333,"27min means of sml+lrg dur, from All Lizard activity data for JJ v2_7 Jun 2017.xlsx"
218,LIRS 2014,lemon,control,57,32.67040438,big,4.118181818,"27min means of sml+lrg dur, from All Lizard activity data for JJ v2_7 Jun 2017.xlsx"
219,LIRS 2014,lemon,control,58,25.1318944,big,27.975,"27min means of sml+lrg dur, from All Lizard activity data for JJ v2_7 Jun 2017.xlsx"
220,LIRS 2014,lemon,control,59,24.12295885,big,NA,Recording failed
221,LIRS 2014,lemon,control,60,26.50904849,big,NA,Recording failed
222,LIRS 2014,lemon,control,59,24.12295885,big,14.2,"27min means of sml+lrg dur, from All Lizard activity data for JJ v2_7 Jun 2017.xlsx"
223,LIRS 2014,lemon,control,60,26.50904849,big,17.21666667,"27min means of sml+lrg dur, from All Lizard activity data for JJ v2_7 Jun 2017.xlsx"
224,LIRS 2014,lemon,control,61,26.79640421,big,23.37692308,"27min means of sml+lrg dur, from All Lizard activity data for JJ v2_7 Jun 2017.xlsx"
225,LIRS 2014,lemon,control,117,29.84861903,big,8.968181818,"27min means of sml+lrg dur, from All Lizard activity data for JJ v2_7 Jun 2017.xlsx"
226,LIRS 2014,lemon,control,118,30.52136202,big,23.224,"27min means of sml+lrg dur, from All Lizard activity data for JJ v2_7 Jun 2017.xlsx"
227,LIRS 2014,lemon,control,119,31.47828667,big,3.490909091,"27min means of sml+lrg dur, from All Lizard activity data for JJ v2_7 Jun 2017.xlsx"
228,LIRS 2014,lemon,control,120,27.21626293,big,22.62173913,"27min means of sml+lrg dur, from All Lizard activity data for JJ v2_7 Jun 2017.xlsx"
229,LIRS 2014,lemon,control,121,29.50061339,big,39.04074074,"27min means of sml+lrg dur, from All Lizard activity data for JJ v2_7 Jun 2017.xlsx"
230,LIRS 2014,ambon,control,123,28.84884054,big,15.02608696,"27min means of sml+lrg dur, from All Lizard activity data for JJ v2_7 Jun 2017.xlsx"
231,LIRS 2014,ambon,control,135,33.80124861,big,4.933333333,"27min means of sml+lrg dur, from All Lizard activity data for JJ v2_7 Jun 2017.xlsx"
232,LIRS 2014,ambon,control,136,31.69220501,big,7.88,"27min means of sml+lrg dur, from All Lizard activity data for JJ v2_7 Jun 2017.xlsx"
233,LIRS 2014,ambon,control,137,31.20965041,big,6.245833333,"27min means of sml+lrg dur, from All Lizard activity data for JJ v2_7 Jun 2017.xlsx"
234,LIRS 2014,ambon,control,141,30.81081731,big,12.048,"27min means of sml+lrg dur, from All Lizard activity data for JJ v2_7 Jun 2017.xlsx"
235,LIRS 2014,ambon,control,150,33.04652071,big,40.36296296,"27min means of sml+lrg dur, from All Lizard activity data for JJ v2_7 Jun 2017.xlsx"
236,LIRS 2014,ambon,control,153,28.73046835,big,21.41851852,"27min means of sml+lrg dur, from All Lizard activity data for JJ v2_7 Jun 2017.xlsx"
237,LIRS 2014,chromis,control,185,34.27654673,big,33.175,"27min means of sml+lrg dur, from All Lizard activity data for JJ v2_7 Jun 2017.xlsx"
238,LIRS 2014,chromis,control,187,24.13072714,big,51.325,"27min means of sml+lrg dur, from All Lizard activity data for JJ v2_7 Jun 2017.xlsx"
239,LIRS 2014,chromis,control,191,30.94858669,big,11.844,"27min means of sml+lrg dur, from All Lizard activity data for JJ v2_7 Jun 2017.xlsx"
240,LIRS 2014,chromis,control,192,34.77090587,big,26.524,"27min means of sml+lrg dur, from All Lizard activity data for JJ v2_7 Jun 2017.xlsx"
241,LIRS 2014,chromis,control,194,21.22617874,big,21.39230769,"27min means of sml+lrg dur, from All Lizard activity data for JJ v2_7 Jun 2017.xlsx"
242,LIRS 2014,chromis,control,196,31.25432962,big,35.4,"27min means of sml+lrg dur, from All Lizard activity data for JJ v2_7 Jun 2017.xlsx"
243,LIRS 2014,chromis,control,198,27.86748286,big,21.17619048,"27min means of sml+lrg dur, from All Lizard activity data for JJ v2_7 Jun 2017.xlsx"
244,LIRS 2014,chromis,control,199,23.60655775,big,20.2,"27min means of sml+lrg dur, from All Lizard activity data for JJ v2_7 Jun 2017.xlsx"
245,LIRS 2014,chromis,control,201,24.87602649,big,22.75833333,"27min means of sml+lrg dur, from All Lizard activity data for JJ v2_7 Jun 2017.xlsx"
246,LIRS 2014,chromis,control,202,32.27919364,big,14.89285714,"27min means of sml+lrg dur, from All Lizard activity data for JJ v2_7 Jun 2017.xlsx"
247,LIRS 2014,chromis,control,204,29.99233028,big,28.56666667,"27min means of sml+lrg dur, from All Lizard activity data for JJ v2_7 Jun 2017.xlsx"
248,LIRS 2014,chromis,control,205,21.22617874,big,11.2375,"27min means of sml+lrg dur, from All Lizard activity data for JJ v2_7 Jun 2017.xlsx"
249,LIRS 2014,humbug,control,208,25.04384346,big,25.45555556,"27min means of sml+lrg dur, from All Lizard activity data for JJ v2_7 Jun 2017.xlsx"
250,LIRS 2014,humbug,control,209,22.16439713,big,22.11481481,"27min means of sml+lrg dur, from All Lizard activity data for JJ v2_7 Jun 2017.xlsx"
251,LIRS 2014,humbug,control,210,26.73568403,big,16.18148148,"27min means of sml+lrg dur, from All Lizard activity data for JJ v2_7 Jun 2017.xlsx"
252,LIRS 2014,humbug,control,215,23.9704799,big,11.42857143,"27min means of sml+lrg dur, from All Lizard activity data for JJ v2_7 Jun 2017.xlsx"
253,LIRS 2014,humbug,control,216,17.06407788,big,28.516,"27min means of sml+lrg dur, from All Lizard activity data for JJ v2_7 Jun 2017.xlsx"
254,LIRS 2014,humbug,control,218,28.64933432,big,9.55,"27min means of sml+lrg dur, from All Lizard activity data for JJ v2_7 Jun 2017.xlsx"
255,LIRS 2014,humbug,control,219,27.51012042,big,51.40740741,"27min means of sml+lrg dur, from All Lizard activity data for JJ v2_7 Jun 2017.xlsx"
256,LIRS 2014,humbug,control,249,22.79691797,big,39.82380952,"27min means of sml+lrg dur, from All Lizard activity data for JJ v2_7 Jun 2017.xlsx"
257,LIRS 2014,humbug,control,251,30.61231335,big,11.6625,"27min means of sml+lrg dur, from All Lizard activity data for JJ v2_7 Jun 2017.xlsx"
258,LIRS 2014,humbug,control,252,25.04384346,big,41.91666667,"27min means of sml+lrg dur, from All Lizard activity data for JJ v2_7 Jun 2017.xlsx"
259,LIRS 2014,humbug,control,254,25.42462088,big,22.86296296,"27min means of sml+lrg dur, from All Lizard activity data for JJ v2_7 Jun 2017.xlsx"
260,LIRS 2014,humbug,control,255,28.84741645,big,16.46923077,"27min means of sml+lrg dur, from All Lizard activity data for JJ v2_7 Jun 2017.xlsx"
261,LIRS 2014,humbug,control,258,31.21609637,big,16.43846154,"27min means of sml+lrg dur, from All Lizard activity data for JJ v2_7 Jun 2017.xlsx"
262,LIRS 2016,humbug,CO2,109,24,big,48.99459459,37min means of sml+lrg dur; from Activity for JJ stats.xlsx
263,LIRS 2016,humbug,CO2,108,17,big,46.08648649,37min means of sml+lrg dur; from Activity for JJ stats.xlsx
264,LIRS 2016,humbug,CO2,114,17.5,big,33.58918919,37min means of sml+lrg dur; from Activity for JJ stats.xlsx
265,LIRS 2016,humbug,CO2,113,18,big,47.57027027,37min means of sml+lrg dur; from Activity for JJ stats.xlsx
266,LIRS 2016,humbug,CO2,119,17,big,45.07567568,37min means of sml+lrg dur; from Activity for JJ stats.xlsx
267,LIRS 2016,humbug,CO2,118,16,big,42.70540541,37min means of sml+lrg dur; from Activity for JJ stats.xlsx
268,LIRS 2016,humbug,CO2,124,16,big,51.38888889,37min means of sml+lrg dur; from Activity for JJ stats.xlsx
269,LIRS 2016,humbug,CO2,123,18,big,40.93888889,37min means of sml+lrg dur; from Activity for JJ stats.xlsx
270,LIRS 2016,humbug,CO2,129,27,big,55.07837838,37min means of sml+lrg dur; from Activity for JJ stats.xlsx
271,LIRS 2016,humbug,CO2,128,25,big,42.67027027,37min means of sml+lrg dur; from Activity for JJ stats.xlsx
272,LIRS 2016,acantho,CO2,134,33,big,31.01891892,37min means of sml+lrg dur; from Activity for JJ stats.xlsx
273,LIRS 2016,acantho,CO2,133,28,big,36.99459459,37min means of sml+lrg dur; from Activity for JJ stats.xlsx
274,LIRS 2016,humbug,CO2,135,34,big,31.51621622,37min means of sml+lrg dur; from Activity for JJ stats.xlsx
275,LIRS 2016,acantho,CO2,139,23,big,44.91351351,37min means of sml+lrg dur; from Activity for JJ stats.xlsx
276,LIRS 2016,acantho,CO2,138,25,big,27.02647059,37min means of sml+lrg dur; from Activity for JJ stats.xlsx
277,LIRS 2016,acantho,CO2,144,26,big,32.45675676,37min means of sml+lrg dur; from Activity for JJ stats.xlsx
278,LIRS 2016,acantho,CO2,143,26,big,24.03783784,37min means of sml+lrg dur; from Activity for JJ stats.xlsx
279,LIRS 2016,acantho,CO2,148,15,big,46.16571429,37min means of sml+lrg dur; from Activity for JJ stats.xlsx
280,LIRS 2016,acantho,CO2,154,15,big,41.53783784,37min means of sml+lrg dur; from Activity for JJ stats.xlsx
281,LIRS 2016,acantho,CO2,153,15,big,47.96944444,37min means of sml+lrg dur; from Activity for JJ stats.xlsx
282,LIRS 2016,acantho,CO2,159,15,big,30.70810811,37min means of sml+lrg dur; from Activity for JJ stats.xlsx
283,LIRS 2016,acantho,CO2,158,15,big,43.67297297,37min means of sml+lrg dur; from Activity for JJ stats.xlsx
284,LIRS 2016,acantho,CO2,164,15,big,41.36486486,37min means of sml+lrg dur; from Activity for JJ stats.xlsx
285,LIRS 2016,humbug,CO2,160,34,big,55.28648649,37min means of sml+lrg dur; from Activity for JJ stats.xlsx
286,LIRS 2016,humbug,CO2,259,21,big,35.8027027,37min means of sml+lrg dur; from Activity for JJ stats.xlsx
287,LIRS 2016,humbug,CO2,264,16,big,54.80540541,37min means of sml+lrg dur; from Activity for JJ stats.xlsx
288,LIRS 2016,humbug,CO2,263,18,big,43.87567568,37min means of sml+lrg dur; from Activity for JJ stats.xlsx
289,LIRS 2016,humbug,CO2,269,18,big,31.82702703,37min means of sml+lrg dur; from Activity for JJ stats.xlsx
290,LIRS 2016,humbug,CO2,268,19,big,53.65135135,37min means of sml+lrg dur; from Activity for JJ stats.xlsx
291,LIRS 2016,humbug,CO2,274,15,big,46.37297297,37min means of sml+lrg dur; from Activity for JJ stats.xlsx
292,LIRS 2016,whitedams,CO2,273,22,big,11.09393939,37min means of sml+lrg dur; from Activity for JJ stats.xlsx
293,LIRS 2016,whitedams,CO2,279,15,big,31.43783784,37min means of sml+lrg dur; from Activity for JJ stats.xlsx
294,LIRS 2016,whitedams,CO2,278,17.5,big,36.24594595,37min means of sml+lrg dur; from Activity for JJ stats.xlsx
295,LIRS 2016,whitedams,CO2,284,16,big,20.48,37min means of sml+lrg dur; from Activity for JJ stats.xlsx
296,LIRS 2016,whitedams,CO2,283,16,big,21.22857143,37min means of sml+lrg dur; from Activity for JJ stats.xlsx
297,LIRS 2016,humbug,CO2,260,34,big,41.21714286,37min means of sml+lrg dur; from Activity for JJ stats.xlsx
298,LIRS 2016,humbug,CO2,265,34,big,48.3972973,37min means of sml+lrg dur; from Activity for JJ stats.xlsx
299,LIRS 2016,humbug,CO2,270,29,big,46.33513514,37min means of sml+lrg dur; from Activity for JJ stats.xlsx
300,LIRS 2016,humbug,CO2,275,34,big,47.95135135,37min means of sml+lrg dur; from Activity for JJ stats.xlsx
301,LIRS 2016,humbug,CO2,280,35,big,47.85945946,37min means of sml+lrg dur; from Activity for JJ stats.xlsx
302,LIRS 2016,humbug,CO2,285,35,big,40.41351351,37min means of sml+lrg dur; from Activity for JJ stats.xlsx
303,LIRS 2016,whitedams,CO2,289,24,big,17.70285714,37min means of sml+lrg dur; from Activity for JJ stats.xlsx
304,LIRS 2016,whitedams,CO2,288,22,big,19.71351351,37min means of sml+lrg dur; from Activity for JJ stats.xlsx
305,LIRS 2016,whitedams,CO2,294,27,big,21.56111111,37min means of sml+lrg dur; from Activity for JJ stats.xlsx
306,LIRS 2016,whitedams,CO2,293,25,big,9.713888889,37min means of sml+lrg dur; from Activity for JJ stats.xlsx
307,LIRS 2016,whitedams,CO2,299,17.5,big,25.63243243,37min means of sml+lrg dur; from Activity for JJ stats.xlsx
308,LIRS 2016,whitedams,CO2,298,22,big,19.82857143,37min means of sml+lrg dur; from Activity for JJ stats.xlsx
309,LIRS 2016,whitedams,CO2,304,18,big,24.18285714,37min means of sml+lrg dur; from Activity for JJ stats.xlsx
310,LIRS 2016,whitedams,CO2,303,22,big,27.13888889,37min means of sml+lrg dur; from Activity for JJ stats.xlsx
311,LIRS 2016,whitedams,CO2,309,20,big,12.85675676,37min means of sml+lrg dur; from Activity for JJ stats.xlsx
312,LIRS 2016,whitedams,CO2,308,23,big,10.25555556,37min means of sml+lrg dur; from Activity for JJ stats.xlsx
313,LIRS 2016,whitedams,CO2,NA,18,big,14.56756757,37min means of sml+lrg dur; from Activity for JJ stats.xlsx
314,LIRS 2016,whitedams,CO2,313,23,big,15.96285714,37min means of sml+lrg dur; from Activity for JJ stats.xlsx
315,LIRS 2016,whitedams,CO2,374,16.5,big,19.74864865,37min means of sml+lrg dur; from Activity for JJ stats.xlsx
316,LIRS 2016,whitedams,CO2,373,17,big,24.87241379,37min means of sml+lrg dur; from Activity for JJ stats.xlsx
317,LIRS 2016,whitedams,CO2,379,20,big,16.62972973,37min means of sml+lrg dur; from Activity for JJ stats.xlsx
318,LIRS 2016,whitedams,CO2,378,20,big,18.44594595,37min means of sml+lrg dur; from Activity for JJ stats.xlsx
319,LIRS 2016,whitedams,CO2,384,24,big,11.29166667,37min means of sml+lrg dur; from Activity for JJ stats.xlsx
320,LIRS 2016,whitedams,CO2,383,24.5,big,11.24666667,37min means of sml+lrg dur; from Activity for JJ stats.xlsx
321,LIRS 2016,whitedams,CO2,389,26,big,14.49333333,37min means of sml+lrg dur; from Activity for JJ stats.xlsx
322,LIRS 2016,whitedams,CO2,388,25.5,big,16.93055556,37min means of sml+lrg dur; from Activity for JJ stats.xlsx
323,LIRS 2016,whitedams,CO2,394,25,big,13.87419355,37min means of sml+lrg dur; from Activity for JJ stats.xlsx
324,LIRS 2016,whitedams,CO2,393,28,big,9.58,37min means of sml+lrg dur; from Activity for JJ stats.xlsx
325,LIRS 2016,humbug,CO2,290,35,big,55.04864865,37min means of sml+lrg dur; from Activity for JJ stats.xlsx
326,LIRS 2016,acantho,CO2,305,31,big,47.11891892,37min means of sml+lrg dur; from Activity for JJ stats.xlsx
327,LIRS 2016,acantho,CO2,310,35,big,27.45294118,37min means of sml+lrg dur; from Activity for JJ stats.xlsx
328,LIRS 2016,humbug,CO2,385,30,big,53.77837838,37min means of sml+lrg dur; from Activity for JJ stats.xlsx
329,LIRS 2016,humbug,CO2,395,33.5,big,55.28648649,37min means of sml+lrg dur; from Activity for JJ stats.xlsx
330,LIRS 2016,acantho,control,54,16,big,39.95294118,37min means of sml+lrg dur; from Activity for JJ stats.xlsx
331,LIRS 2016,acantho,control,53,16,big,16.20810811,37min means of sml+lrg dur; from Activity for JJ stats.xlsx
332,LIRS 2016,acantho,control,59,16,big,34.840625,37min means of sml+lrg dur; from Activity for JJ stats.xlsx
333,LIRS 2016,acantho,control,58,15,big,32.63846154,37min means of sml+lrg dur; from Activity for JJ stats.xlsx
334,LIRS 2016,acantho,control,68,16,big,36.82432432,37min means of sml+lrg dur; from Activity for JJ stats.xlsx
335,LIRS 2016,acantho,control,74,32,big,24.31081081,37min means of sml+lrg dur; from Activity for JJ stats.xlsx
336,LIRS 2016,acantho,control,73,35,big,35.47567568,37min means of sml+lrg dur; from Activity for JJ stats.xlsx
337,LIRS 2016,humbug,control,79,18,big,49.13513514,37min means of sml+lrg dur; from Activity for JJ stats.xlsx
338,LIRS 2016,humbug,control,78,20,big,48.21891892,37min means of sml+lrg dur; from Activity for JJ stats.xlsx
339,LIRS 2016,humbug,control,89,19,big,30.75135135,37min means of sml+lrg dur; from Activity for JJ stats.xlsx
340,LIRS 2016,humbug,control,88,19,big,41.28108108,37min means of sml+lrg dur; from Activity for JJ stats.xlsx
341,LIRS 2016,humbug,control,99,29,big,43.6,37min means of sml+lrg dur; from Activity for JJ stats.xlsx
342,LIRS 2016,humbug,control,98,30,big,43.14324324,37min means of sml+lrg dur; from Activity for JJ stats.xlsx
343,LIRS 2016,humbug,control,104,31,big,24.88648649,37min means of sml+lrg dur; from Activity for JJ stats.xlsx
344,LIRS 2016,humbug,control,103,30,big,39.6972973,37min means of sml+lrg dur; from Activity for JJ stats.xlsx
345,LIRS 2016,acantho,control,90,32,big,46.19189189,37min means of sml+lrg dur; from Activity for JJ stats.xlsx
346,LIRS 2016,humbug,control,199,18,big,27.44722222,37min means of sml+lrg dur; from Activity for JJ stats.xlsx
347,LIRS 2016,humbug,control,198,18,big,38.35,37min means of sml+lrg dur; from Activity for JJ stats.xlsx
348,LIRS 2016,humbug,control,204,22,big,38.61891892,37min means of sml+lrg dur; from Activity for JJ stats.xlsx
349,LIRS 2016,humbug,control,203,17,big,28.77567568,37min means of sml+lrg dur; from Activity for JJ stats.xlsx
350,LIRS 2016,humbug,control,209,17,big,43.4027027,37min means of sml+lrg dur; from Activity for JJ stats.xlsx
351,LIRS 2016,humbug,control,214,24,big,41.58378378,37min means of sml+lrg dur; from Activity for JJ stats.xlsx
352,LIRS 2016,humbug,control,213,26,big,41.45945946,37min means of sml+lrg dur; from Activity for JJ stats.xlsx
353,LIRS 2016,whitedams,control,219,15.5,big,29.06216216,37min means of sml+lrg dur; from Activity for JJ stats.xlsx
354,LIRS 2016,whitedams,control,218,17,big,28.67027027,37min means of sml+lrg dur; from Activity for JJ stats.xlsx
355,LIRS 2016,whitedams,control,223,16,big,25.31621622,37min means of sml+lrg dur; from Activity for JJ stats.xlsx
356,LIRS 2016,whitedams,control,229,17,big,29.47297297,37min means of sml+lrg dur; from Activity for JJ stats.xlsx
357,LIRS 2016,whitedams,control,228,16,big,11.32432432,37min means of sml+lrg dur; from Activity for JJ stats.xlsx
358,LIRS 2016,whitedams,control,234,18.5,big,21.06216216,37min means of sml+lrg dur; from Activity for JJ stats.xlsx
359,LIRS 2016,whitedams,control,233,19,big,24.84864865,37min means of sml+lrg dur; from Activity for JJ stats.xlsx
360,LIRS 2016,whitedams,control,239,16.5,big,21.22162162,37min means of sml+lrg dur; from Activity for JJ stats.xlsx
361,LIRS 2016,whitedams,control,238,17,big,23.42432432,37min means of sml+lrg dur; from Activity for JJ stats.xlsx
362,LIRS 2016,whitedams,control,244,19,big,32.49459459,37min means of sml+lrg dur; from Activity for JJ stats.xlsx
363,LIRS 2016,whitedams,control,243,20,big,22.51351351,37min means of sml+lrg dur; from Activity for JJ stats.xlsx
364,LIRS 2016,whitedams,control,249,23,big,19.57297297,37min means of sml+lrg dur; from Activity for JJ stats.xlsx
365,LIRS 2016,whitedams,control,248,22,big,16.42702703,37min means of sml+lrg dur; from Activity for JJ stats.xlsx
366,LIRS 2016,whitedams,control,253,25,big,11.9,37min means of sml+lrg dur; from Activity for JJ stats.xlsx
367,LIRS 2016,humbug,control,200,35,big,39.93611111,37min means of sml+lrg dur; from Activity for JJ stats.xlsx
368,LIRS 2016,humbug,control,205,33,big,56.06486486,37min means of sml+lrg dur; from Activity for JJ stats.xlsx
369,LIRS 2016,humbug,control,210,33,big,31.14594595,37min means of sml+lrg dur; from Activity for JJ stats.xlsx
370,LIRS 2016,humbug,control,215,32,big,51.85945946,37min means of sml+lrg dur; from Activity for JJ stats.xlsx
371,LIRS 2016,humbug,control,225,35,big,40.12702703,37min means of sml+lrg dur; from Activity for JJ stats.xlsx
372,LIRS 2016,humbug,control,230,32,big,57.57297297,37min means of sml+lrg dur; from Activity for JJ stats.xlsx
373,LIRS 2016,humbug,control,240,31,big,45.40857143,37min means of sml+lrg dur; from Activity for JJ stats.xlsx
374,LIRS 2016,humbug,control,245,32,big,35.46216216,37min means of sml+lrg dur; from Activity for JJ stats.xlsx
375,LIRS 2016,humbug,control,250,34,big,39.84324324,37min means of sml+lrg dur; from Activity for JJ stats.xlsx
376,LIRS 2016,whitedams,control,319,28,big,18.25,37min means of sml+lrg dur; from Activity for JJ stats.xlsx
377,LIRS 2016,whitedams,control,318,28,big,18.61944444,37min means of sml+lrg dur; from Activity for JJ stats.xlsx
378,LIRS 2016,whitedams,control,324,22.5,big,22.75405405,37min means of sml+lrg dur; from Activity for JJ stats.xlsx
379,LIRS 2016,whitedams,control,323,22,big,22.21351351,37min means of sml+lrg dur; from Activity for JJ stats.xlsx
380,LIRS 2016,whitedams,control,328,23,big,19.7027027,37min means of sml+lrg dur; from Activity for JJ stats.xlsx
381,LIRS 2016,whitedams,control,334,26,big,8.405714286,37min means of sml+lrg dur; from Activity for JJ stats.xlsx
382,LIRS 2016,whitedams,control,333,24,big,7.594117647,37min means of sml+lrg dur; from Activity for JJ stats.xlsx
383,LIRS 2016,whitedams,control,339,24,big,8.7,37min means of sml+lrg dur; from Activity for JJ stats.xlsx
384,LIRS 2016,whitedams,control,338,29,big,14.51428571,37min means of sml+lrg dur; from Activity for JJ stats.xlsx
385,LIRS 2016,acantho,control,344,15,big,50.38918919,37min means of sml+lrg dur; from Activity for JJ stats.xlsx
386,LIRS 2016,acantho,control,343,15,big,41.53513514,37min means of sml+lrg dur; from Activity for JJ stats.xlsx
387,LIRS 2016,acantho,control,349,15,big,46.60540541,37min means of sml+lrg dur; from Activity for JJ stats.xlsx
388,LIRS 2016,acantho,control,354,15.5,big,44.35675676,37min means of sml+lrg dur; from Activity for JJ stats.xlsx
389,LIRS 2016,humbug,control,359,17,big,55.71081081,37min means of sml+lrg dur; from Activity for JJ stats.xlsx
390,LIRS 2016,humbug,control,358,18.5,big,47.65135135,37min means of sml+lrg dur; from Activity for JJ stats.xlsx
391,LIRS 2016,humbug,control,369,16.5,big,46.72916667,37min means of sml+lrg dur; from Activity for JJ stats.xlsx
392,LIRS 2016,humbug,control,368,17,big,44.68846154,37min means of sml+lrg dur; from Activity for JJ stats.xlsx
393,LIRS 2016,humbug,control,320,33,big,49.15675676,37min means of sml+lrg dur; from Activity for JJ stats.xlsx
394,LIRS 2016,humbug,control,335,35,big,49.04594595,37min means of sml+lrg dur; from Activity for JJ stats.xlsx
395,AIMS 2015,acantho,CO2,480,8,small,29.45113636,"90min activity trials, mean of sml+lrg dur per min; from tdc_Flume 2h activity analysis.xlsx then Activity for JJ stats.xlsx"
396,AIMS 2015,acantho,CO2,481,8,small,22.90454545,"90min activity trials, mean of sml+lrg dur per min; from tdc_Flume 2h activity analysis.xlsx then Activity for JJ stats.xlsx"
397,AIMS 2015,acantho,CO2,484,8,small,19.88977273,"90min activity trials, mean of sml+lrg dur per min; from tdc_Flume 2h activity analysis.xlsx then Activity for JJ stats.xlsx"
398,AIMS 2015,acantho,CO2,485,8,small,36.2925,"90min activity trials, mean of sml+lrg dur per min; from tdc_Flume 2h activity analysis.xlsx then Activity for JJ stats.xlsx"
399,AIMS 2015,acantho,CO2,552,10,small,23.56931818,"90min activity trials, mean of sml+lrg dur per min; from tdc_Flume 2h activity analysis.xlsx then Activity for JJ stats.xlsx"
400,AIMS 2015,acantho,CO2,553,10,small,23.45568182,"90min activity trials, mean of sml+lrg dur per min; from tdc_Flume 2h activity analysis.xlsx then Activity for JJ stats.xlsx"
401,AIMS 2015,acantho,CO2,556,10,small,37.45795455,"90min activity trials, mean of sml+lrg dur per min; from tdc_Flume 2h activity analysis.xlsx then Activity for JJ stats.xlsx"
402,AIMS 2015,acantho,CO2,557,10,small,17.94545455,"90min activity trials, mean of sml+lrg dur per min; from tdc_Flume 2h activity analysis.xlsx then Activity for JJ stats.xlsx"
403,AIMS 2015,acantho,CO2,560,10,small,22.50340909,"90min activity trials, mean of sml+lrg dur per min; from tdc_Flume 2h activity analysis.xlsx then Activity for JJ stats.xlsx"
404,AIMS 2015,acantho,CO2,561,10,small,24.98068182,"90min activity trials, mean of sml+lrg dur per min; from tdc_Flume 2h activity analysis.xlsx then Activity for JJ stats.xlsx"
405,AIMS 2015,acantho,CO2,576,11,small,24.65681818,"90min activity trials, mean of sml+lrg dur per min; from tdc_Flume 2h activity analysis.xlsx then Activity for JJ stats.xlsx"
406,AIMS 2015,acantho,CO2,577,11,small,30.41590909,"90min activity trials, mean of sml+lrg dur per min; from tdc_Flume 2h activity analysis.xlsx then Activity for JJ stats.xlsx"
407,AIMS 2015,acantho,CO2,580,11,small,30.34204545,"90min activity trials, mean of sml+lrg dur per min; from tdc_Flume 2h activity analysis.xlsx then Activity for JJ stats.xlsx"
408,AIMS 2015,acantho,CO2,581,11,small,22.70795455,"90min activity trials, mean of sml+lrg dur per min; from tdc_Flume 2h activity analysis.xlsx then Activity for JJ stats.xlsx"
409,AIMS 2015,acantho,CO2,584,11.5,small,10.72325581,"90min activity trials, mean of sml+lrg dur per min; from tdc_Flume 2h activity analysis.xlsx then Activity for JJ stats.xlsx"
410,AIMS 2015,acantho,CO2,585,11.5,small,20.33863636,"90min activity trials, mean of sml+lrg dur per min; from tdc_Flume 2h activity analysis.xlsx then Activity for JJ stats.xlsx"
411,AIMS 2015,acantho,CO2,588,11.5,small,16.32272727,"90min activity trials, mean of sml+lrg dur per min; from tdc_Flume 2h activity analysis.xlsx then Activity for JJ stats.xlsx"
412,AIMS 2015,acantho,CO2,589,11.5,small,19.3625,"90min activity trials, mean of sml+lrg dur per min; from tdc_Flume 2h activity analysis.xlsx then Activity for JJ stats.xlsx"
413,AIMS 2015,acantho,CO2,596,11.5,small,31.28863636,"90min activity trials, mean of sml+lrg dur per min; from tdc_Flume 2h activity analysis.xlsx then Activity for JJ stats.xlsx"
414,AIMS 2015,acantho,CO2,597,11.5,small,27.35681818,"90min activity trials, mean of sml+lrg dur per min; from tdc_Flume 2h activity analysis.xlsx then Activity for JJ stats.xlsx"
415,AIMS 2015,acantho,CO2,600,11.5,small,22.10340909,"90min activity trials, mean of sml+lrg dur per min; from tdc_Flume 2h activity analysis.xlsx then Activity for JJ stats.xlsx"
416,AIMS 2015,acantho,CO2,601,11.5,small,22.34886364,"90min activity trials, mean of sml+lrg dur per min; from tdc_Flume 2h activity analysis.xlsx then Activity for JJ stats.xlsx"
417,AIMS 2015,acantho,CO2,604,11.5,small,27.96022727,"90min activity trials, mean of sml+lrg dur per min; from tdc_Flume 2h activity analysis.xlsx then Activity for JJ stats.xlsx"
418,AIMS 2015,acantho,CO2,605,11.5,small,26.5875,"90min activity trials, mean of sml+lrg dur per min; from tdc_Flume 2h activity analysis.xlsx then Activity for JJ stats.xlsx"
419,AIMS 2015,acantho,CO2,628,12.5,small,20.43068182,"90min activity trials, mean of sml+lrg dur per min; from tdc_Flume 2h activity analysis.xlsx then Activity for JJ stats.xlsx"
420,AIMS 2015,acantho,CO2,629,12.5,small,22.44204545,"90min activity trials, mean of sml+lrg dur per min; from tdc_Flume 2h activity analysis.xlsx then Activity for JJ stats.xlsx"
421,AIMS 2015,acantho,CO2,632,12.5,small,18.86744186,"90min activity trials, mean of sml+lrg dur per min; from tdc_Flume 2h activity analysis.xlsx then Activity for JJ stats.xlsx"
422,AIMS 2015,acantho,CO2,633,12.5,small,16.64090909,"90min activity trials, mean of sml+lrg dur per min; from tdc_Flume 2h activity analysis.xlsx then Activity for JJ stats.xlsx"
423,AIMS 2015,acantho,CO2,636,12.5,small,15.73604651,"90min activity trials, mean of sml+lrg dur per min; from tdc_Flume 2h activity analysis.xlsx then Activity for JJ stats.xlsx"
424,AIMS 2015,acantho,CO2,637,12.5,small,15.01363636,"90min activity trials, mean of sml+lrg dur per min; from tdc_Flume 2h activity analysis.xlsx then Activity for JJ stats.xlsx"
425,AIMS 2015,acantho,CO2,662,13.5,small,12.76363636,"90min activity trials, mean of sml+lrg dur per min; from tdc_Flume 2h activity analysis.xlsx then Activity for JJ stats.xlsx"
426,AIMS 2015,acantho,CO2,663,13.5,small,10.4127907,"90min activity trials, mean of sml+lrg dur per min; from tdc_Flume 2h activity analysis.xlsx then Activity for JJ stats.xlsx"
427,AIMS 2015,acantho,CO2,670,13.5,small,18.7625,"90min activity trials, mean of sml+lrg dur per min; from tdc_Flume 2h activity analysis.xlsx then Activity for JJ stats.xlsx"
428,AIMS 2015,acantho,CO2,671,13.5,small,26.13636364,"90min activity trials, mean of sml+lrg dur per min; from tdc_Flume 2h activity analysis.xlsx then Activity for JJ stats.xlsx"
429,AIMS 2015,acantho,CO2,674,13.5,small,18.90113636,"90min activity trials, mean of sml+lrg dur per min; from tdc_Flume 2h activity analysis.xlsx then Activity for JJ stats.xlsx"
430,AIMS 2015,acantho,CO2,675,13.5,small,28.41363636,"90min activity trials, mean of sml+lrg dur per min; from tdc_Flume 2h activity analysis.xlsx then Activity for JJ stats.xlsx"
431,AIMS 2015,acantho,CO2,678,13.5,small,14.45714286,"90min activity trials, mean of sml+lrg dur per min; from tdc_Flume 2h activity analysis.xlsx then Activity for JJ stats.xlsx"
432,AIMS 2015,acantho,CO2,679,13.5,small,19.56590909,"90min activity trials, mean of sml+lrg dur per min; from tdc_Flume 2h activity analysis.xlsx then Activity for JJ stats.xlsx"
433,AIMS 2015,acantho,control,488,9,small,30.28965517,"90min activity trials, mean of sml+lrg dur per min; from tdc_Flume 2h activity analysis.xlsx then Activity for JJ stats.xlsx"
434,AIMS 2015,acantho,control,489,9,small,29.72386364,"90min activity trials, mean of sml+lrg dur per min; from tdc_Flume 2h activity analysis.xlsx then Activity for JJ stats.xlsx"
435,AIMS 2015,acantho,control,564,10.5,small,25.57613636,"90min activity trials, mean of sml+lrg dur per min; from tdc_Flume 2h activity analysis.xlsx then Activity for JJ stats.xlsx"
436,AIMS 2015,acantho,control,565,10.5,small,40.60136986,"90min activity trials, mean of sml+lrg dur per min; from tdc_Flume 2h activity analysis.xlsx then Activity for JJ stats.xlsx"
437,AIMS 2015,acantho,control,568,10.5,small,22.49431818,"90min activity trials, mean of sml+lrg dur per min; from tdc_Flume 2h activity analysis.xlsx then Activity for JJ stats.xlsx"
438,AIMS 2015,acantho,control,569,10.5,small,27.52045455,"90min activity trials, mean of sml+lrg dur per min; from tdc_Flume 2h activity analysis.xlsx then Activity for JJ stats.xlsx"
439,AIMS 2015,acantho,control,572,10.5,small,27.06781609,"90min activity trials, mean of sml+lrg dur per min; from tdc_Flume 2h activity analysis.xlsx then Activity for JJ stats.xlsx"
440,AIMS 2015,acantho,control,573,10.5,small,16.12045455,"90min activity trials, mean of sml+lrg dur per min; from tdc_Flume 2h activity analysis.xlsx then Activity for JJ stats.xlsx"
441,AIMS 2015,acantho,control,612,12,small,17.04827586,"90min activity trials, mean of sml+lrg dur per min; from tdc_Flume 2h activity analysis.xlsx then Activity for JJ stats.xlsx"
442,AIMS 2015,acantho,control,613,12,small,31.13977273,"90min activity trials, mean of sml+lrg dur per min; from tdc_Flume 2h activity analysis.xlsx then Activity for JJ stats.xlsx"
443,AIMS 2015,acantho,control,616,12,small,27.63295455,"90min activity trials, mean of sml+lrg dur per min; from tdc_Flume 2h activity analysis.xlsx then Activity for JJ stats.xlsx"
444,AIMS 2015,acantho,control,617,12,small,24.88636364,"90min activity trials, mean of sml+lrg dur per min; from tdc_Flume 2h activity analysis.xlsx then Activity for JJ stats.xlsx"
445,AIMS 2015,acantho,control,620,12,small,29.85568182,"90min activity trials, mean of sml+lrg dur per min; from tdc_Flume 2h activity analysis.xlsx then Activity for JJ stats.xlsx"
446,AIMS 2015,acantho,control,621,12,small,18.85340909,"90min activity trials, mean of sml+lrg dur per min; from tdc_Flume 2h activity analysis.xlsx then Activity for JJ stats.xlsx"
447,AIMS 2015,acantho,control,644,12.5,small,34.14431818,"90min activity trials, mean of sml+lrg dur per min; from tdc_Flume 2h activity analysis.xlsx then Activity for JJ stats.xlsx"
448,AIMS 2015,acantho,control,645,12.5,small,24.92045455,"90min activity trials, mean of sml+lrg dur per min; from tdc_Flume 2h activity analysis.xlsx then Activity for JJ stats.xlsx"
449,AIMS 2015,acantho,control,648,12.5,small,25.41363636,"90min activity trials, mean of sml+lrg dur per min; from tdc_Flume 2h activity analysis.xlsx then Activity for JJ stats.xlsx"
450,AIMS 2015,acantho,control,649,12.5,small,13.50114943,"90min activity trials, mean of sml+lrg dur per min; from tdc_Flume 2h activity analysis.xlsx then Activity for JJ stats.xlsx"
451,AIMS 2015,acantho,control,652,12.5,small,25.30340909,"90min activity trials, mean of sml+lrg dur per min; from tdc_Flume 2h activity analysis.xlsx then Activity for JJ stats.xlsx"
452,AIMS 2015,acantho,control,653,12.5,small,25.49318182,"90min activity trials, mean of sml+lrg dur per min; from tdc_Flume 2h activity analysis.xlsx then Activity for JJ stats.xlsx"
453,AIMS 2015,acantho,control,656,12.5,small,21.40227273,"90min activity trials, mean of sml+lrg dur per min; from tdc_Flume 2h activity analysis.xlsx then Activity for JJ stats.xlsx"
454,AIMS 2015,acantho,control,657,12.5,small,33.71445783,"90min activity trials, mean of sml+lrg dur per min; from tdc_Flume 2h activity analysis.xlsx then Activity for JJ stats.xlsx"
455,AIMS 2015,acantho,control,682,14,small,33.63409091,"90min activity trials, mean of sml+lrg dur per min; from tdc_Flume 2h activity analysis.xlsx then Activity for JJ stats.xlsx"
456,AIMS 2015,acantho,control,683,14,small,36.64886364,"90min activity trials, mean of sml+lrg dur per min; from tdc_Flume 2h activity analysis.xlsx then Activity for JJ stats.xlsx"
457,AIMS 2015,acantho,control,686,14,small,26.71931818,"90min activity trials, mean of sml+lrg dur per min; from tdc_Flume 2h activity analysis.xlsx then Activity for JJ stats.xlsx"
458,AIMS 2015,acantho,control,687,14,small,23.76024096,"90min activity trials, mean of sml+lrg dur per min; from tdc_Flume 2h activity analysis.xlsx then Activity for JJ stats.xlsx"
459,AIMS 2015,acantho,control,690,14,small,34.37297297,"90min activity trials, mean of sml+lrg dur per min; from tdc_Flume 2h activity analysis.xlsx then Activity for JJ stats.xlsx"
460,AIMS 2015,acantho,control,691,14,small,25.43863636,"90min activity trials, mean of sml+lrg dur per min; from tdc_Flume 2h activity analysis.xlsx then Activity for JJ stats.xlsx"
461,LIRS 2016,acantho,CO2,107,9,small,28.67297297,37min means of sml+lrg dur; from Activity for JJ stats.xlsx
462,LIRS 2016,acantho,CO2,106,9,small,26.81891892,37min means of sml+lrg dur; from Activity for JJ stats.xlsx
463,LIRS 2016,acantho,CO2,112,9,small,17.22432432,37min means of sml+lrg dur; from Activity for JJ stats.xlsx
464,LIRS 2016,acantho,CO2,111,9,small,20.9,37min means of sml+lrg dur; from Activity for JJ stats.xlsx
465,LIRS 2016,acantho,CO2,117,8.5,small,22.32432432,37min means of sml+lrg dur; from Activity for JJ stats.xlsx
466,LIRS 2016,acantho,CO2,116,8.5,small,54.63783784,37min means of sml+lrg dur; from Activity for JJ stats.xlsx
467,LIRS 2016,acantho,CO2,122,9,small,27.025,37min means of sml+lrg dur; from Activity for JJ stats.xlsx
468,LIRS 2016,acantho,CO2,121,9,small,26.35,37min means of sml+lrg dur; from Activity for JJ stats.xlsx
469,LIRS 2016,acantho,CO2,127,9,small,32.10555556,37min means of sml+lrg dur; from Activity for JJ stats.xlsx
470,LIRS 2016,acantho,CO2,126,9,small,22.82972973,37min means of sml+lrg dur; from Activity for JJ stats.xlsx
471,LIRS 2016,acantho,CO2,132,9,small,30.08648649,37min means of sml+lrg dur; from Activity for JJ stats.xlsx
472,LIRS 2016,acantho,CO2,131,9,small,34.58918919,37min means of sml+lrg dur; from Activity for JJ stats.xlsx
473,LIRS 2016,acantho,CO2,137,8,small,26.64166667,37min means of sml+lrg dur; from Activity for JJ stats.xlsx
474,LIRS 2016,acantho,CO2,136,8,small,21.32162162,37min means of sml+lrg dur; from Activity for JJ stats.xlsx
475,LIRS 2016,acantho,CO2,141,9,small,40.48108108,37min means of sml+lrg dur; from Activity for JJ stats.xlsx
476,LIRS 2016,acantho,CO2,147,8,small,31.92162162,37min means of sml+lrg dur; from Activity for JJ stats.xlsx
477,LIRS 2016,acantho,CO2,146,8,small,48.67027027,37min means of sml+lrg dur; from Activity for JJ stats.xlsx
478,LIRS 2016,acantho,CO2,152,9,small,37.61891892,37min means of sml+lrg dur; from Activity for JJ stats.xlsx
479,LIRS 2016,acantho,CO2,151,9,small,45.47027027,37min means of sml+lrg dur; from Activity for JJ stats.xlsx
480,LIRS 2016,acantho,CO2,157,8,small,22.78648649,37min means of sml+lrg dur; from Activity for JJ stats.xlsx
481,LIRS 2016,acantho,CO2,156,8,small,37.14054054,37min means of sml+lrg dur; from Activity for JJ stats.xlsx
482,LIRS 2016,acantho,CO2,162,8,small,28.68108108,37min means of sml+lrg dur; from Activity for JJ stats.xlsx
483,LIRS 2016,acantho,CO2,149,14,small,45.22432432,37min means of sml+lrg dur; from Activity for JJ stats.xlsx
484,LIRS 2016,acantho,CO2,163,14,small,34.96486486,37min means of sml+lrg dur; from Activity for JJ stats.xlsx
485,LIRS 2016,whitedams,CO2,257,8,small,16.66571429,37min means of sml+lrg dur; from Activity for JJ stats.xlsx
486,LIRS 2016,whitedams,CO2,256,8,small,27.98378378,37min means of sml+lrg dur; from Activity for JJ stats.xlsx
487,LIRS 2016,whitedams,CO2,262,8,small,38.95675676,37min means of sml+lrg dur; from Activity for JJ stats.xlsx
488,LIRS 2016,whitedams,CO2,261,8,small,17.39189189,37min means of sml+lrg dur; from Activity for JJ stats.xlsx
489,LIRS 2016,whitedams,CO2,267,9,small,24.68333333,37min means of sml+lrg dur; from Activity for JJ stats.xlsx
490,LIRS 2016,whitedams,CO2,266,9,small,24.24054054,37min means of sml+lrg dur; from Activity for JJ stats.xlsx
491,LIRS 2016,whitedams,CO2,272,8,small,31.73243243,37min means of sml+lrg dur; from Activity for JJ stats.xlsx
492,LIRS 2016,whitedams,CO2,271,8,small,25.80540541,37min means of sml+lrg dur; from Activity for JJ stats.xlsx
493,LIRS 2016,whitedams,CO2,277,8,small,26.49459459,37min means of sml+lrg dur; from Activity for JJ stats.xlsx
494,LIRS 2016,whitedams,CO2,276,8,small,39.525,37min means of sml+lrg dur; from Activity for JJ stats.xlsx
495,LIRS 2016,whitedams,CO2,282,8,small,10.52162162,37min means of sml+lrg dur; from Activity for JJ stats.xlsx
496,LIRS 2016,whitedams,CO2,281,8,small,30.56486486,37min means of sml+lrg dur; from Activity for JJ stats.xlsx
497,LIRS 2016,whitedams,CO2,287,8.5,small,38.8,37min means of sml+lrg dur; from Activity for JJ stats.xlsx
498,LIRS 2016,whitedams,CO2,286,8.5,small,46.48918919,37min means of sml+lrg dur; from Activity for JJ stats.xlsx
499,LIRS 2016,whitedams,CO2,292,9,small,18.30540541,37min means of sml+lrg dur; from Activity for JJ stats.xlsx
500,LIRS 2016,whitedams,CO2,291,9,small,34.36216216,37min means of sml+lrg dur; from Activity for JJ stats.xlsx
501,LIRS 2016,whitedams,CO2,297,8,small,28.68378378,37min means of sml+lrg dur; from Activity for JJ stats.xlsx
502,LIRS 2016,whitedams,CO2,296,8,small,39.39459459,37min means of sml+lrg dur; from Activity for JJ stats.xlsx
503,LIRS 2016,whitedams,CO2,301,8,small,26.58108108,37min means of sml+lrg dur; from Activity for JJ stats.xlsx
504,LIRS 2016,whitedams,CO2,307,8.5,small,18.91351351,37min means of sml+lrg dur; from Activity for JJ stats.xlsx
505,LIRS 2016,whitedams,CO2,306,8.5,small,29.04054054,37min means of sml+lrg dur; from Activity for JJ stats.xlsx
506,LIRS 2016,whitedams,CO2,312,8,small,4.645945946,37min means of sml+lrg dur; from Activity for JJ stats.xlsx
507,LIRS 2016,whitedams,CO2,311,8,small,33.26216216,37min means of sml+lrg dur; from Activity for JJ stats.xlsx
508,LIRS 2016,whitedams,CO2,372,8,small,34.27027027,37min means of sml+lrg dur; from Activity for JJ stats.xlsx
509,LIRS 2016,whitedams,CO2,371,8,small,25.66756757,37min means of sml+lrg dur; from Activity for JJ stats.xlsx
510,LIRS 2016,whitedams,CO2,377,8.5,small,19.32162162,37min means of sml+lrg dur; from Activity for JJ stats.xlsx
511,LIRS 2016,whitedams,CO2,376,8.5,small,36.62432432,37min means of sml+lrg dur; from Activity for JJ stats.xlsx
512,LIRS 2016,whitedams,CO2,382,9,small,42.48378378,37min means of sml+lrg dur; from Activity for JJ stats.xlsx
513,LIRS 2016,whitedams,CO2,381,9,small,21.76216216,37min means of sml+lrg dur; from Activity for JJ stats.xlsx
514,LIRS 2016,whitedams,CO2,387,9.5,small,45.42432432,37min means of sml+lrg dur; from Activity for JJ stats.xlsx
515,LIRS 2016,whitedams,CO2,386,9.5,small,25.87027027,37min means of sml+lrg dur; from Activity for JJ stats.xlsx
516,LIRS 2016,whitedams,CO2,392,7.5,small,32.54864865,37min means of sml+lrg dur; from Activity for JJ stats.xlsx
517,LIRS 2016,whitedams,CO2,391,7.5,small,36.95405405,37min means of sml+lrg dur; from Activity for JJ stats.xlsx
518,LIRS 2016,acantho,control,52,8,small,25.66666667,37min means of sml+lrg dur; from Activity for JJ stats.xlsx
519,LIRS 2016,acantho,control,51,8,small,39.12972973,37min means of sml+lrg dur; from Activity for JJ stats.xlsx
520,LIRS 2016,acantho,control,57,9,small,24.55277778,37min means of sml+lrg dur; from Activity for JJ stats.xlsx
521,LIRS 2016,acantho,control,56,9,small,36.81111111,37min means of sml+lrg dur; from Activity for JJ stats.xlsx
522,LIRS 2016,acantho,control,62,8.5,small,26.66388889,37min means of sml+lrg dur; from Activity for JJ stats.xlsx
523,LIRS 2016,acantho,control,61,8.5,small,44.93783784,37min means of sml+lrg dur; from Activity for JJ stats.xlsx
524,LIRS 2016,acantho,control,67,9,small,17.91081081,37min means of sml+lrg dur; from Activity for JJ stats.xlsx
525,LIRS 2016,acantho,control,66,9,small,50.31351351,37min means of sml+lrg dur; from Activity for JJ stats.xlsx
526,LIRS 2016,acantho,control,72,13,small,17.04054054,37min means of sml+lrg dur; from Activity for JJ stats.xlsx
527,LIRS 2016,acantho,control,71,10,small,39.01081081,37min means of sml+lrg dur; from Activity for JJ stats.xlsx
528,LIRS 2016,acantho,control,64,14,small,40.99189189,37min means of sml+lrg dur; from Activity for JJ stats.xlsx
529,LIRS 2016,acantho,control,63,14,small,40.41081081,37min means of sml+lrg dur; from Activity for JJ stats.xlsx
530,LIRS 2016,acantho,control,69,13.5,small,43.30909091,37min means of sml+lrg dur; from Activity for JJ stats.xlsx
531,LIRS 2016,acantho,control,77,9,small,30.58108108,37min means of sml+lrg dur; from Activity for JJ stats.xlsx
532,LIRS 2016,acantho,control,76,9,small,43.83783784,37min means of sml+lrg dur; from Activity for JJ stats.xlsx
533,LIRS 2016,acantho,control,82,9,small,27.69459459,37min means of sml+lrg dur; from Activity for JJ stats.xlsx
534,LIRS 2016,acantho,control,81,9,small,36.95405405,37min means of sml+lrg dur; from Activity for JJ stats.xlsx
535,LIRS 2016,acantho,control,87,9,small,25.17567568,37min means of sml+lrg dur; from Activity for JJ stats.xlsx
536,LIRS 2016,acantho,control,86,9,small,38.51621622,37min means of sml+lrg dur; from Activity for JJ stats.xlsx
537,LIRS 2016,acantho,control,92,8.5,small,34.95675676,37min means of sml+lrg dur; from Activity for JJ stats.xlsx
538,LIRS 2016,acantho,control,91,8.5,small,40.19189189,37min means of sml+lrg dur; from Activity for JJ stats.xlsx
539,LIRS 2016,acantho,control,97,9,small,18.91764706,37min means of sml+lrg dur; from Activity for JJ stats.xlsx
540,LIRS 2016,acantho,control,96,9,small,47.87777778,37min means of sml+lrg dur; from Activity for JJ stats.xlsx
541,LIRS 2016,acantho,control,102,9,small,24.27297297,37min means of sml+lrg dur; from Activity for JJ stats.xlsx
542,LIRS 2016,acantho,control,101,9,small,31.1,37min means of sml+lrg dur; from Activity for JJ stats.xlsx
543,LIRS 2016,whitedams,control,197,9,small,27.91666667,37min means of sml+lrg dur; from Activity for JJ stats.xlsx
544,LIRS 2016,whitedams,control,196,9,small,36.84444444,37min means of sml+lrg dur; from Activity for JJ stats.xlsx
545,LIRS 2016,whitedams,control,202,8,small,31.90540541,37min means of sml+lrg dur; from Activity for JJ stats.xlsx
546,LIRS 2016,whitedams,control,201,8,small,44.22432432,37min means of sml+lrg dur; from Activity for JJ stats.xlsx
547,LIRS 2016,whitedams,control,212,8,small,39.88648649,37min means of sml+lrg dur; from Activity for JJ stats.xlsx
548,LIRS 2016,whitedams,control,211,8,small,50.40810811,37min means of sml+lrg dur; from Activity for JJ stats.xlsx
549,LIRS 2016,whitedams,control,217,9.5,small,38.58648649,37min means of sml+lrg dur; from Activity for JJ stats.xlsx
550,LIRS 2016,whitedams,control,216,9.5,small,47.67837838,37min means of sml+lrg dur; from Activity for JJ stats.xlsx
551,LIRS 2016,whitedams,control,222,9,small,30.01351351,37min means of sml+lrg dur; from Activity for JJ stats.xlsx
552,LIRS 2016,whitedams,control,221,9,small,28.30810811,37min means of sml+lrg dur; from Activity for JJ stats.xlsx
553,LIRS 2016,whitedams,control,227,9,small,2.402777778,37min means of sml+lrg dur; from Activity for JJ stats.xlsx
554,LIRS 2016,whitedams,control,226,9,small,27.74594595,37min means of sml+lrg dur; from Activity for JJ stats.xlsx
555,LIRS 2016,whitedams,control,232,8.5,small,33.23243243,37min means of sml+lrg dur; from Activity for JJ stats.xlsx
556,LIRS 2016,whitedams,control,231,8.5,small,24.13055556,37min means of sml+lrg dur; from Activity for JJ stats.xlsx
557,LIRS 2016,whitedams,control,237,8,small,31.5972973,37min means of sml+lrg dur; from Activity for JJ stats.xlsx
558,LIRS 2016,whitedams,control,236,8,small,15.8,37min means of sml+lrg dur; from Activity for JJ stats.xlsx
559,LIRS 2016,whitedams,control,242,8.5,small,28.02162162,37min means of sml+lrg dur; from Activity for JJ stats.xlsx
560,LIRS 2016,whitedams,control,241,8.5,small,12.56486486,37min means of sml+lrg dur; from Activity for JJ stats.xlsx
561,LIRS 2016,whitedams,control,247,9,small,18.3,37min means of sml+lrg dur; from Activity for JJ stats.xlsx
562,LIRS 2016,whitedams,control,246,9,small,23.97297297,37min means of sml+lrg dur; from Activity for JJ stats.xlsx
563,LIRS 2016,whitedams,control,252,8,small,16.88108108,37min means of sml+lrg dur; from Activity for JJ stats.xlsx
564,LIRS 2016,whitedams,control,251,8,small,36.32432432,37min means of sml+lrg dur; from Activity for JJ stats.xlsx
565,LIRS 2016,whitedams,control,224,14,small,29.67567568,37min means of sml+lrg dur; from Activity for JJ stats.xlsx
566,LIRS 2016,whitedams,control,317,9,small,41.16764706,37min means of sml+lrg dur; from Activity for JJ stats.xlsx
567,LIRS 2016,whitedams,control,316,9,small,30.28378378,37min means of sml+lrg dur; from Activity for JJ stats.xlsx
568,LIRS 2016,whitedams,control,322,8,small,21.66216216,37min means of sml+lrg dur; from Activity for JJ stats.xlsx
569,LIRS 2016,whitedams,control,321,8,small,35.06756757,37min means of sml+lrg dur; from Activity for JJ stats.xlsx
570,LIRS 2016,whitedams,control,327,8,small,39.48648649,37min means of sml+lrg dur; from Activity for JJ stats.xlsx
571,LIRS 2016,whitedams,control,326,8,small,39.88648649,37min means of sml+lrg dur; from Activity for JJ stats.xlsx
572,LIRS 2016,whitedams,control,332,8,small,35.63888889,37min means of sml+lrg dur; from Activity for JJ stats.xlsx
573,LIRS 2016,whitedams,control,331,8,small,41.61388889,37min means of sml+lrg dur; from Activity for JJ stats.xlsx
574,LIRS 2016,whitedams,control,337,9,small,43.60540541,37min means of sml+lrg dur; from Activity for JJ stats.xlsx
575,LIRS 2016,whitedams,control,336,9,small,3.932432432,37min means of sml+lrg dur; from Activity for JJ stats.xlsx
576,LIRS 2016,acantho,control,342,10.5,small,31.32432432,37min means of sml+lrg dur; from Activity for JJ stats.xlsx
577,LIRS 2016,acantho,control,341,10.5,small,33.38333333,37min means of sml+lrg dur; from Activity for JJ stats.xlsx
578,LIRS 2016,acantho,control,347,10,small,47.40540541,37min means of sml+lrg dur; from Activity for JJ stats.xlsx
579,LIRS 2016,acantho,control,346,10,small,18.62777778,37min means of sml+lrg dur; from Activity for JJ stats.xlsx
580,LIRS 2016,acantho,control,352,11,small,32.85675676,37min means of sml+lrg dur; from Activity for JJ stats.xlsx
581,LIRS 2016,acantho,control,351,11,small,34.67567568,37min means of sml+lrg dur; from Activity for JJ stats.xlsx
582,LIRS 2016,acantho,control,357,9,small,32.90833333,37min means of sml+lrg dur; from Activity for JJ stats.xlsx
583,LIRS 2016,acantho,control,356,14,small,27.92432432,37min means of sml+lrg dur; from Activity for JJ stats.xlsx
584,LIRS 2016,whitedams,control,362,8.5,small,32.49459459,37min means of sml+lrg dur; from Activity for JJ stats.xlsx
585,LIRS 2016,whitedams,control,361,8.5,small,27.87027027,37min means of sml+lrg dur; from Activity for JJ stats.xlsx
586,LIRS 2016,whitedams,control,367,8,small,39.5972973,37min means of sml+lrg dur; from Activity for JJ stats.xlsx
587,LIRS 2016,whitedams,control,366,8,small,23.51621622,37min means of sml+lrg dur; from Activity for JJ stats.xlsx
588,LIRS 2016,acantho,control,348,14.5,small,37.03611111,37min means of sml+lrg dur; from Activity for JJ stats.xlsx
589,LIRS 2016,acantho,control,353,14,small,41.5,37min means of sml+lrg dur; from Activity for JJ stats.xlsx